Fomicheva159,1rKLy0sxJu,Фомичева Майя Ниловна
Svjatopolk347,9FWben5zGX,Святополк Ильич Дорофеев
Sinklitikija387,4zTAv1beKV,Синклитикия Николаевна Муравьева
Pahomova407,0s8kljNVZs,Пахомова Агафья Матвеевна
g-zha868,IDRSishJ1Q,г-жа Фадеева Лариса Владимировна
Denisova225,3sNZsgJp7f,Денисова Екатерина Натановна
Petrova977,U5Ye0MJaM6,Петрова Ульяна Антоновна
Varvara768,L1eajuUz9U,Варвара Борисовна Громова
Boris628,aO2IVYfyJn,Борис Изотович Антонов
Foka533,8pYwn1otV2,Фока Витальевич Нестеров
Lytkina929,65FMskaKkY,Лыткина Алла Георгиевна
Julij120,TL4GRHXzra,Юлий Валентинович Шубин
Mark609,YVnsTmSq4s,Марк Алексеевич Титов
Lidija273,8WwgeLjY4Y,Лидия Мироновна Суворова
Knjazeva366,34WRFsZjSR,Князева Валерия Геннадьевна
Suvorova428,b29s0tFvwf,Суворова Татьяна Леонидовна
Pankratij466,5CS53YrD44,Панкратий Денисович Титов
Pahomova493,3Q6k2MXz0p,Пахомова Алевтина Федоровна
Ponomareva627,xybB2WqM44,Пономарева Зинаида Леонидовна
Sevast'jan193,A98WsMxTJ8,Севастьян Измаилович Игнатов
Sitnikova635,bQcUcd9x36,Ситникова Василиса Матвеевна
Samson443,Atg1gWl7SL,Самсон Валентинович Комиссаров
Bespalov129,1HwgcWt9sz,Беспалов Святополк Дорофеевич
Nonna896,4hasuLFZ0O,Нонна Владиславовна Тихонова
Stanislav253,3xD1ak0tKF,Станислав Марсович Михайлов
Gorshkova186,Xh4AL6Uta6,Горшкова Юлия Кирилловна
Marfa243,98hfZWszN4,Марфа Артемовна Носкова
Antonin288,9NoSO3bwEX,Антонин Антонович Игнатьев
Muhin185,8hdr9FIbzT,Мухин Фортунат Архипович
Zajtseva802,qQI6e9Xz0e,Зайцева Лукия Богдановна
